Sample.Name,Sample.Type,Sample.Chemistry,Filtered.Fraction,,,
05_08_LS_001,Solvent Blank,blank,filtrate,,,
05_08_LS_002,WAB_71,hyperalkaline,filtrate,,,
05_08_LS_003,WAB_55,contact,filtrate,,,
05_08_LS_004,WAB_104,alkaline,filtrate,,,
05_08_LS_005,WAB_105,alkaline,filtrate,,,
05_08_LS_006,NSHQ_14,hyperalkaline,filtrate,,,
07_28_LS_004,SPE Blank,blank,filtrate,,,
07_28_LS_010,Filter Blank,blank,filter,,,
,,,,,,
,,,,,,
,,,,,,
,,,,,,
,,,,,,
,,,,,,
,,,,,,
,,,,,,
,,,,,,
,,,,,,
,,,,,,
,,,,,,
,,,,,,